,AT,CZ,DK,NL,PL,SK
2004,"2749,7514952708507","1722,0108650042991","1823,951007738607","880,4574204643163","4033,6767738607055","347,708690455718"
2005,"3249,14204127257","1787,5026809974206","2007,0168907996563","991,7955485812554","4035,6925339638865","374,1245047291487"
2006,"3717,0400756663794","1858,7561513327598","2080,563515907136","1062,9237704213242","4197,787097162511","386,0898392089424"
2007,"4065,837122098022","1950,8437747205503","2289,234958727429","1380,8426844368014","4236,615810834049","509,412663800516"
2008,"4256,835979363715","2135,895366294067","2354,4954170249353","1464,8475941530526","4760,113951848668","515,9069982803096"
2009,"4454,637328460877","2356,417294926913","2414,349631126397","1710,2274256233877","5244,182515047291","644,2626887360275"
2010,"4907,926348237316","2515,3554127257094","2829,138393809115","1678,6276655202064","6017,706177987963","690,365754084265"
2011,"4816,500543422185","2694,6240077386074","2823,023335339639","1825,284347377472","6449,218326741185","722,9983241616509"
2012,"5001,073786758383","2851,1305313843504","2954,6730610490113","1852,0154737747202","6692,072072227001","694,4314359415304"
2013,"5121,333125537402","3100,853867583835","3006,932687876182","1772,1472648323302","6707,917658641444","653,5949002579537"
2014,"4879,6106139294925","3262,62805760963","3017,5324342218405","1797,0336457437663","6449,00152794497","750,3080687876183"
2015,"5075,60962682717","3328,217337919175","3296,09807566638","1807,8315752364572","6531,8547901977645","906,9702768701633"
2016,"5095,959281169389","3384,881780739467","3484,5148701633702","1740,006649183147","6466,30020894239","850,1132089423902"
2017,"5163,733388650044","3424,987233018057","3865,141612209803","1883,495656921754","6608,845950128977","876,481750644884"
2018,"4892,360901977644","3442,5771797076522","3881,9114488392092","2056,271105760963","6921,955250214962","912,581849527085"
